CasamentoExato.java,ds.CasamentoExato,org.pitest.mutationtest.engine.gregor.mutators.ConditionalsBoundaryMutator,bmh,29,KILLED,ds.RandoopTest.Randoop0.test0086(ds.RandoopTest.Randoop0)
CasamentoExato.java,ds.CasamentoExato,org.pitest.mutationtest.engine.gregor.mutators.ConditionalsBoundaryMutator,bmh,30,KILLED,ds.RandoopTest.Randoop0.test0316(ds.RandoopTest.Randoop0)
CasamentoExato.java,ds.CasamentoExato,org.pitest.mutationtest.engine.gregor.mutators.ConditionalsBoundaryMutator,bmh,32,KILLED,ds.RandoopTest.Randoop0.test0251(ds.RandoopTest.Randoop0)
CasamentoExato.java,ds.CasamentoExato,org.pitest.mutationtest.engine.gregor.mutators.ConditionalsBoundaryMutator,bmh,34,KILLED,ds.RandoopTest.Randoop0.test0161(ds.RandoopTest.Randoop0)
CasamentoExato.java,ds.CasamentoExato,org.pitest.mutationtest.engine.gregor.mutators.ConditionalsBoundaryMutator,bmh,35,SURVIVED,none
CasamentoExato.java,ds.CasamentoExato,org.pitest.mutationtest.engine.gregor.mutators.ConstructorCallMutator,bmh,36,KILLED,ds.RandoopTest.Randoop0.test0277(ds.RandoopTest.Randoop0)
CasamentoExato.java,ds.CasamentoExato,org.pitest.mutationtest.engine.gregor.mutators.IncrementsMutator,bmh,29,KILLED,ds.RandoopTest.Randoop0.test0086(ds.RandoopTest.Randoop0)
CasamentoExato.java,ds.CasamentoExato,org.pitest.mutationtest.engine.gregor.mutators.IncrementsMutator,bmh,30,SURVIVED,none
CasamentoExato.java,ds.CasamentoExato,org.pitest.mutationtest.engine.gregor.mutators.IncrementsMutator,bmh,34,SURVIVED,none
CasamentoExato.java,ds.CasamentoExato,org.pitest.mutationtest.engine.gregor.mutators.IncrementsMutator,bmh,34,SURVIVED,none
CasamentoExato.java,ds.CasamentoExato,org.pitest.mutationtest.engine.gregor.mutators.InlineConstantMutator,bmh,28,SURVIVED,none
CasamentoExato.java,ds.CasamentoExato,org.pitest.mutationtest.engine.gregor.mutators.InlineConstantMutator,bmh,29,SURVIVED,none
CasamentoExato.java,ds.CasamentoExato,org.pitest.mutationtest.engine.gregor.mutators.InlineConstantMutator,bmh,29,KILLED,ds.RandoopTest.Randoop0.test0086(ds.RandoopTest.Randoop0)
CasamentoExato.java,ds.CasamentoExato,org.pitest.mutationtest.engine.gregor.mutators.InlineConstantMutator,bmh,30,SURVIVED,none
CasamentoExato.java,ds.CasamentoExato,org.pitest.mutationtest.engine.gregor.mutators.InlineConstantMutator,bmh,30,KILLED,ds.RandoopTest.Randoop0.test0316(ds.RandoopTest.Randoop0)
CasamentoExato.java,ds.CasamentoExato,org.pitest.mutationtest.engine.gregor.mutators.InlineConstantMutator,bmh,30,SURVIVED,none
CasamentoExato.java,ds.CasamentoExato,org.pitest.mutationtest.engine.gregor.mutators.InlineConstantMutator,bmh,31,TIMED_OUT,none
CasamentoExato.java,ds.CasamentoExato,org.pitest.mutationtest.engine.gregor.mutators.InlineConstantMutator,bmh,33,SURVIVED,none
CasamentoExato.java,ds.CasamentoExato,org.pitest.mutationtest.engine.gregor.mutators.InlineConstantMutator,bmh,36,SURVIVED,none
CasamentoExato.java,ds.CasamentoExato,org.pitest.mutationtest.engine.gregor.mutators.MathMutator,bmh,30,KILLED,ds.RandoopTest.Randoop0.test0251(ds.RandoopTest.Randoop0)
CasamentoExato.java,ds.CasamentoExato,org.pitest.mutationtest.engine.gregor.mutators.MathMutator,bmh,30,SURVIVED,none
CasamentoExato.java,ds.CasamentoExato,org.pitest.mutationtest.engine.gregor.mutators.MathMutator,bmh,30,SURVIVED,none
CasamentoExato.java,ds.CasamentoExato,org.pitest.mutationtest.engine.gregor.mutators.MathMutator,bmh,31,KILLED,ds.RandoopTest.Randoop0.test0413(ds.RandoopTest.Randoop0)
CasamentoExato.java,ds.CasamentoExato,org.pitest.mutationtest.engine.gregor.mutators.MathMutator,bmh,33,SURVIVED,none
CasamentoExato.java,ds.CasamentoExato,org.pitest.mutationtest.engine.gregor.mutators.MathMutator,bmh,36,SURVIVED,none
CasamentoExato.java,ds.CasamentoExato,org.pitest.mutationtest.engine.gregor.mutators.MathMutator,bmh,37,SURVIVED,none
CasamentoExato.java,ds.CasamentoExato,org.pitest.mutationtest.engine.gregor.mutators.NegateConditionalsMutator,bmh,29,TIMED_OUT,none
CasamentoExato.java,ds.CasamentoExato,org.pitest.mutationtest.engine.gregor.mutators.NegateConditionalsMutator,bmh,30,KILLED,ds.RandoopTest.Randoop0.test0276(ds.RandoopTest.Randoop0)
CasamentoExato.java,ds.CasamentoExato,org.pitest.mutationtest.engine.gregor.mutators.NegateConditionalsMutator,bmh,32,KILLED,ds.RandoopTest.Randoop0.test0162(ds.RandoopTest.Randoop0)
CasamentoExato.java,ds.CasamentoExato,org.pitest.mutationtest.engine.gregor.mutators.NegateConditionalsMutator,bmh,34,KILLED,ds.RandoopTest.Randoop0.test0161(ds.RandoopTest.Randoop0)
CasamentoExato.java,ds.CasamentoExato,org.pitest.mutationtest.engine.gregor.mutators.NegateConditionalsMutator,bmh,34,SURVIVED,none
CasamentoExato.java,ds.CasamentoExato,org.pitest.mutationtest.engine.gregor.mutators.NegateConditionalsMutator,bmh,35,SURVIVED,none
CasamentoExato.java,ds.CasamentoExato,org.pitest.mutationtest.engine.gregor.mutators.NonVoidMethodCallMutator,bmh,30,KILLED,ds.RandoopTest.Randoop0.test0276(ds.RandoopTest.Randoop0)
CasamentoExato.java,ds.CasamentoExato,org.pitest.mutationtest.engine.gregor.mutators.NonVoidMethodCallMutator,bmh,34,SURVIVED,none
CasamentoExato.java,ds.CasamentoExato,org.pitest.mutationtest.engine.gregor.mutators.NonVoidMethodCallMutator,bmh,34,KILLED,ds.RandoopTest.Randoop0.test0161(ds.RandoopTest.Randoop0)
CasamentoExato.java,ds.CasamentoExato,org.pitest.mutationtest.engine.gregor.mutators.NonVoidMethodCallMutator,bmh,36,KILLED,ds.RandoopTest.Randoop0.test0277(ds.RandoopTest.Randoop0)
CasamentoExato.java,ds.CasamentoExato,org.pitest.mutationtest.engine.gregor.mutators.NonVoidMethodCallMutator,bmh,36,KILLED,ds.RandoopTest.Randoop0.test0277(ds.RandoopTest.Randoop0)
CasamentoExato.java,ds.CasamentoExato,org.pitest.mutationtest.engine.gregor.mutators.NonVoidMethodCallMutator,bmh,36,SURVIVED,none
CasamentoExato.java,ds.CasamentoExato,org.pitest.mutationtest.engine.gregor.mutators.NonVoidMethodCallMutator,bmh,37,TIMED_OUT,none
CasamentoExato.java,ds.CasamentoExato,org.pitest.mutationtest.engine.gregor.mutators.RemoveConditionalMutator_EQUAL_ELSE,bmh,34,SURVIVED,none
CasamentoExato.java,ds.CasamentoExato,org.pitest.mutationtest.engine.gregor.mutators.RemoveConditionalMutator_EQUAL_IF,bmh,34,SURVIVED,none
CasamentoExato.java,ds.CasamentoExato,org.pitest.mutationtest.engine.gregor.mutators.RemoveConditionalMutator_ORDER_ELSE,bmh,29,TIMED_OUT,none
CasamentoExato.java,ds.CasamentoExato,org.pitest.mutationtest.engine.gregor.mutators.RemoveConditionalMutator_ORDER_ELSE,bmh,30,KILLED,ds.RandoopTest.Randoop0.test0276(ds.RandoopTest.Randoop0)
CasamentoExato.java,ds.CasamentoExato,org.pitest.mutationtest.engine.gregor.mutators.RemoveConditionalMutator_ORDER_ELSE,bmh,32,KILLED,ds.RandoopTest.Randoop0.test0277(ds.RandoopTest.Randoop0)
CasamentoExato.java,ds.CasamentoExato,org.pitest.mutationtest.engine.gregor.mutators.RemoveConditionalMutator_ORDER_ELSE,bmh,34,KILLED,ds.RandoopTest.Randoop0.test0161(ds.RandoopTest.Randoop0)
CasamentoExato.java,ds.CasamentoExato,org.pitest.mutationtest.engine.gregor.mutators.RemoveConditionalMutator_ORDER_ELSE,bmh,35,SURVIVED,none
CasamentoExato.java,ds.CasamentoExato,org.pitest.mutationtest.engine.gregor.mutators.RemoveConditionalMutator_ORDER_IF,bmh,29,KILLED,ds.RandoopTest.Randoop0.test0086(ds.RandoopTest.Randoop0)
CasamentoExato.java,ds.CasamentoExato,org.pitest.mutationtest.engine.gregor.mutators.RemoveConditionalMutator_ORDER_IF,bmh,30,KILLED,ds.RandoopTest.Randoop0.test0162(ds.RandoopTest.Randoop0)
CasamentoExato.java,ds.CasamentoExato,org.pitest.mutationtest.engine.gregor.mutators.RemoveConditionalMutator_ORDER_IF,bmh,32,KILLED,ds.RandoopTest.Randoop0.test0162(ds.RandoopTest.Randoop0)
CasamentoExato.java,ds.CasamentoExato,org.pitest.mutationtest.engine.gregor.mutators.RemoveConditionalMutator_ORDER_IF,bmh,34,SURVIVED,none
CasamentoExato.java,ds.CasamentoExato,org.pitest.mutationtest.engine.gregor.mutators.RemoveConditionalMutator_ORDER_IF,bmh,35,SURVIVED,none
CasamentoExato.java,ds.CasamentoExato,org.pitest.mutationtest.engine.gregor.mutators.VoidMethodCallMutator,bmh,36,SURVIVED,none
CasamentoExato.java,ds.CasamentoExato,org.pitest.mutationtest.engine.gregor.mutators.experimental.NakedReceiverMutator,bmh,36,SURVIVED,none
CasamentoExato.java,ds.CasamentoExato,org.pitest.mutationtest.engine.gregor.mutators.experimental.NakedReceiverMutator,bmh,36,SURVIVED,none
CasamentoExato.java,ds.CasamentoExato,org.pitest.mutationtest.engine.gregor.mutators.experimental.RemoveIncrementsMutator,bmh,34,SURVIVED,none
CasamentoExato.java,ds.CasamentoExato,org.pitest.mutationtest.engine.gregor.mutators.experimental.RemoveIncrementsMutator,bmh,34,SURVIVED,none
CasamentoExato.java,ds.CasamentoExato,org.pitest.mutationtest.engine.gregor.mutators.ConditionalsBoundaryMutator,bmhs,43,KILLED,ds.RandoopTest.Randoop0.test0166(ds.RandoopTest.Randoop0)
CasamentoExato.java,ds.CasamentoExato,org.pitest.mutationtest.engine.gregor.mutators.ConditionalsBoundaryMutator,bmhs,44,KILLED,ds.RandoopTest.Randoop0.test0287(ds.RandoopTest.Randoop0)
CasamentoExato.java,ds.CasamentoExato,org.pitest.mutationtest.engine.gregor.mutators.ConditionalsBoundaryMutator,bmhs,46,KILLED,ds.RandoopTest.Randoop0.test0168(ds.RandoopTest.Randoop0)
CasamentoExato.java,ds.CasamentoExato,org.pitest.mutationtest.engine.gregor.mutators.ConditionalsBoundaryMutator,bmhs,48,SURVIVED,none
CasamentoExato.java,ds.CasamentoExato,org.pitest.mutationtest.engine.gregor.mutators.ConditionalsBoundaryMutator,bmhs,49,SURVIVED,none
CasamentoExato.java,ds.CasamentoExato,org.pitest.mutationtest.engine.gregor.mutators.ConstructorCallMutator,bmhs,50,KILLED,ds.RandoopTest.Randoop0.test0169(ds.RandoopTest.Randoop0)
CasamentoExato.java,ds.CasamentoExato,org.pitest.mutationtest.engine.gregor.mutators.IncrementsMutator,bmhs,43,KILLED,ds.RandoopTest.Randoop0.test0166(ds.RandoopTest.Randoop0)
CasamentoExato.java,ds.CasamentoExato,org.pitest.mutationtest.engine.gregor.mutators.IncrementsMutator,bmhs,44,KILLED,ds.RandoopTest.Randoop0.test0168(ds.RandoopTest.Randoop0)
CasamentoExato.java,ds.CasamentoExato,org.pitest.mutationtest.engine.gregor.mutators.IncrementsMutator,bmhs,48,KILLED,ds.RandoopTest.Randoop0.test0402(ds.RandoopTest.Randoop0)
CasamentoExato.java,ds.CasamentoExato,org.pitest.mutationtest.engine.gregor.mutators.IncrementsMutator,bmhs,48,SURVIVED,none
CasamentoExato.java,ds.CasamentoExato,org.pitest.mutationtest.engine.gregor.mutators.InlineConstantMutator,bmhs,42,SURVIVED,none
CasamentoExato.java,ds.CasamentoExato,org.pitest.mutationtest.engine.gregor.mutators.InlineConstantMutator,bmhs,43,SURVIVED,none
CasamentoExato.java,ds.CasamentoExato,org.pitest.mutationtest.engine.gregor.mutators.InlineConstantMutator,bmhs,43,KILLED,ds.RandoopTest.Randoop0.test0166(ds.RandoopTest.Randoop0)
CasamentoExato.java,ds.CasamentoExato,org.pitest.mutationtest.engine.gregor.mutators.InlineConstantMutator,bmhs,43,TIMED_OUT,none
CasamentoExato.java,ds.CasamentoExato,org.pitest.mutationtest.engine.gregor.mutators.InlineConstantMutator,bmhs,44,KILLED,ds.RandoopTest.Randoop0.test0101(ds.RandoopTest.Randoop0)
CasamentoExato.java,ds.CasamentoExato,org.pitest.mutationtest.engine.gregor.mutators.InlineConstantMutator,bmhs,45,TIMED_OUT,none
CasamentoExato.java,ds.CasamentoExato,org.pitest.mutationtest.engine.gregor.mutators.InlineConstantMutator,bmhs,47,KILLED,ds.RandoopTest.Randoop0.test0169(ds.RandoopTest.Randoop0)
CasamentoExato.java,ds.CasamentoExato,org.pitest.mutationtest.engine.gregor.mutators.InlineConstantMutator,bmhs,50,SURVIVED,none
CasamentoExato.java,ds.CasamentoExato,org.pitest.mutationtest.engine.gregor.mutators.InlineConstantMutator,bmhs,51,KILLED,ds.RandoopTest.Randoop0.test0169(ds.RandoopTest.Randoop0)
CasamentoExato.java,ds.CasamentoExato,org.pitest.mutationtest.engine.gregor.mutators.InlineConstantMutator,bmhs,51,KILLED,ds.RandoopTest.Randoop0.test0366(ds.RandoopTest.Randoop0)
CasamentoExato.java,ds.CasamentoExato,org.pitest.mutationtest.engine.gregor.mutators.InlineConstantMutator,bmhs,51,TIMED_OUT,none
CasamentoExato.java,ds.CasamentoExato,org.pitest.mutationtest.engine.gregor.mutators.MathMutator,bmhs,43,TIMED_OUT,none
CasamentoExato.java,ds.CasamentoExato,org.pitest.mutationtest.engine.gregor.mutators.MathMutator,bmhs,44,SURVIVED,none
CasamentoExato.java,ds.CasamentoExato,org.pitest.mutationtest.engine.gregor.mutators.MathMutator,bmhs,45,KILLED,ds.RandoopTest.Randoop0.test0274(ds.RandoopTest.Randoop0)
CasamentoExato.java,ds.CasamentoExato,org.pitest.mutationtest.engine.gregor.mutators.MathMutator,bmhs,47,KILLED,ds.RandoopTest.Randoop0.test0169(ds.RandoopTest.Randoop0)
CasamentoExato.java,ds.CasamentoExato,org.pitest.mutationtest.engine.gregor.mutators.MathMutator,bmhs,50,SURVIVED,none
CasamentoExato.java,ds.CasamentoExato,org.pitest.mutationtest.engine.gregor.mutators.MathMutator,bmhs,51,KILLED,ds.RandoopTest.Randoop0.test0169(ds.RandoopTest.Randoop0)
CasamentoExato.java,ds.CasamentoExato,org.pitest.mutationtest.engine.gregor.mutators.MathMutator,bmhs,51,KILLED,ds.RandoopTest.Randoop0.test0366(ds.RandoopTest.Randoop0)
CasamentoExato.java,ds.CasamentoExato,org.pitest.mutationtest.engine.gregor.mutators.MathMutator,bmhs,51,KILLED,ds.RandoopTest.Randoop0.test0169(ds.RandoopTest.Randoop0)
CasamentoExato.java,ds.CasamentoExato,org.pitest.mutationtest.engine.gregor.mutators.NegateConditionalsMutator,bmhs,43,TIMED_OUT,none
CasamentoExato.java,ds.CasamentoExato,org.pitest.mutationtest.engine.gregor.mutators.NegateConditionalsMutator,bmhs,44,KILLED,ds.RandoopTest.Randoop0.test0166(ds.RandoopTest.Randoop0)
CasamentoExato.java,ds.CasamentoExato,org.pitest.mutationtest.engine.gregor.mutators.NegateConditionalsMutator,bmhs,46,KILLED,ds.RandoopTest.Randoop0.test0168(ds.RandoopTest.Randoop0)
CasamentoExato.java,ds.CasamentoExato,org.pitest.mutationtest.engine.gregor.mutators.NegateConditionalsMutator,bmhs,48,KILLED,ds.RandoopTest.Randoop0.test0169(ds.RandoopTest.Randoop0)
CasamentoExato.java,ds.CasamentoExato,org.pitest.mutationtest.engine.gregor.mutators.NegateConditionalsMutator,bmhs,48,SURVIVED,none
CasamentoExato.java,ds.CasamentoExato,org.pitest.mutationtest.engine.gregor.mutators.NegateConditionalsMutator,bmhs,49,SURVIVED,none
CasamentoExato.java,ds.CasamentoExato,org.pitest.mutationtest.engine.gregor.mutators.NegateConditionalsMutator,bmhs,51,KILLED,ds.RandoopTest.Randoop0.test0169(ds.RandoopTest.Randoop0)
CasamentoExato.java,ds.CasamentoExato,org.pitest.mutationtest.engine.gregor.mutators.NonVoidMethodCallMutator,bmhs,44,KILLED,ds.RandoopTest.Randoop0.test0166(ds.RandoopTest.Randoop0)
CasamentoExato.java,ds.CasamentoExato,org.pitest.mutationtest.engine.gregor.mutators.NonVoidMethodCallMutator,bmhs,48,SURVIVED,none
CasamentoExato.java,ds.CasamentoExato,org.pitest.mutationtest.engine.gregor.mutators.NonVoidMethodCallMutator,bmhs,48,SURVIVED,none
CasamentoExato.java,ds.CasamentoExato,org.pitest.mutationtest.engine.gregor.mutators.NonVoidMethodCallMutator,bmhs,50,KILLED,ds.RandoopTest.Randoop0.test0169(ds.RandoopTest.Randoop0)
CasamentoExato.java,ds.CasamentoExato,org.pitest.mutationtest.engine.gregor.mutators.NonVoidMethodCallMutator,bmhs,50,KILLED,ds.RandoopTest.Randoop0.test0169(ds.RandoopTest.Randoop0)
CasamentoExato.java,ds.CasamentoExato,org.pitest.mutationtest.engine.gregor.mutators.NonVoidMethodCallMutator,bmhs,50,SURVIVED,none
CasamentoExato.java,ds.CasamentoExato,org.pitest.mutationtest.engine.gregor.mutators.NonVoidMethodCallMutator,bmhs,51,TIMED_OUT,none
CasamentoExato.java,ds.CasamentoExato,org.pitest.mutationtest.engine.gregor.mutators.RemoveConditionalMutator_EQUAL_ELSE,bmhs,48,SURVIVED,none
CasamentoExato.java,ds.CasamentoExato,org.pitest.mutationtest.engine.gregor.mutators.RemoveConditionalMutator_EQUAL_ELSE,bmhs,51,KILLED,ds.RandoopTest.Randoop0.test0257(ds.RandoopTest.Randoop0)
CasamentoExato.java,ds.CasamentoExato,org.pitest.mutationtest.engine.gregor.mutators.RemoveConditionalMutator_EQUAL_IF,bmhs,48,SURVIVED,none
CasamentoExato.java,ds.CasamentoExato,org.pitest.mutationtest.engine.gregor.mutators.RemoveConditionalMutator_EQUAL_IF,bmhs,51,KILLED,ds.RandoopTest.Randoop0.test0169(ds.RandoopTest.Randoop0)
CasamentoExato.java,ds.CasamentoExato,org.pitest.mutationtest.engine.gregor.mutators.RemoveConditionalMutator_ORDER_ELSE,bmhs,43,TIMED_OUT,none
CasamentoExato.java,ds.CasamentoExato,org.pitest.mutationtest.engine.gregor.mutators.RemoveConditionalMutator_ORDER_ELSE,bmhs,44,KILLED,ds.RandoopTest.Randoop0.test0166(ds.RandoopTest.Randoop0)
CasamentoExato.java,ds.CasamentoExato,org.pitest.mutationtest.engine.gregor.mutators.RemoveConditionalMutator_ORDER_ELSE,bmhs,46,KILLED,ds.RandoopTest.Randoop0.test0257(ds.RandoopTest.Randoop0)
CasamentoExato.java,ds.CasamentoExato,org.pitest.mutationtest.engine.gregor.mutators.RemoveConditionalMutator_ORDER_ELSE,bmhs,48,SURVIVED,none
CasamentoExato.java,ds.CasamentoExato,org.pitest.mutationtest.engine.gregor.mutators.RemoveConditionalMutator_ORDER_ELSE,bmhs,49,SURVIVED,none
CasamentoExato.java,ds.CasamentoExato,org.pitest.mutationtest.engine.gregor.mutators.RemoveConditionalMutator_ORDER_IF,bmhs,43,KILLED,ds.RandoopTest.Randoop0.test0166(ds.RandoopTest.Randoop0)
CasamentoExato.java,ds.CasamentoExato,org.pitest.mutationtest.engine.gregor.mutators.RemoveConditionalMutator_ORDER_IF,bmhs,44,KILLED,ds.RandoopTest.Randoop0.test0168(ds.RandoopTest.Randoop0)
CasamentoExato.java,ds.CasamentoExato,org.pitest.mutationtest.engine.gregor.mutators.RemoveConditionalMutator_ORDER_IF,bmhs,46,KILLED,ds.RandoopTest.Randoop0.test0168(ds.RandoopTest.Randoop0)
CasamentoExato.java,ds.CasamentoExato,org.pitest.mutationtest.engine.gregor.mutators.RemoveConditionalMutator_ORDER_IF,bmhs,48,KILLED,ds.RandoopTest.Randoop0.test0169(ds.RandoopTest.Randoop0)
CasamentoExato.java,ds.CasamentoExato,org.pitest.mutationtest.engine.gregor.mutators.RemoveConditionalMutator_ORDER_IF,bmhs,49,SURVIVED,none
CasamentoExato.java,ds.CasamentoExato,org.pitest.mutationtest.engine.gregor.mutators.VoidMethodCallMutator,bmhs,50,SURVIVED,none
CasamentoExato.java,ds.CasamentoExato,org.pitest.mutationtest.engine.gregor.mutators.experimental.NakedReceiverMutator,bmhs,50,SURVIVED,none
CasamentoExato.java,ds.CasamentoExato,org.pitest.mutationtest.engine.gregor.mutators.experimental.NakedReceiverMutator,bmhs,50,SURVIVED,none
CasamentoExato.java,ds.CasamentoExato,org.pitest.mutationtest.engine.gregor.mutators.experimental.RemoveIncrementsMutator,bmhs,48,KILLED,ds.RandoopTest.Randoop0.test0402(ds.RandoopTest.Randoop0)
CasamentoExato.java,ds.CasamentoExato,org.pitest.mutationtest.engine.gregor.mutators.experimental.RemoveIncrementsMutator,bmhs,48,SURVIVED,none
CasamentoExato.java,ds.CasamentoExato,org.pitest.mutationtest.engine.gregor.mutators.ConditionalsBoundaryMutator,forcaBruta,6,KILLED,ds.RandoopTest.Randoop0.test0412(ds.RandoopTest.Randoop0)
CasamentoExato.java,ds.CasamentoExato,org.pitest.mutationtest.engine.gregor.mutators.ConditionalsBoundaryMutator,forcaBruta,8,KILLED,ds.RandoopTest.Randoop0.test0396(ds.RandoopTest.Randoop0)
CasamentoExato.java,ds.CasamentoExato,org.pitest.mutationtest.engine.gregor.mutators.ConstructorCallMutator,forcaBruta,9,KILLED,ds.RandoopTest.Randoop0.test0396(ds.RandoopTest.Randoop0)
CasamentoExato.java,ds.CasamentoExato,org.pitest.mutationtest.engine.gregor.mutators.IncrementsMutator,forcaBruta,8,SURVIVED,none
CasamentoExato.java,ds.CasamentoExato,org.pitest.mutationtest.engine.gregor.mutators.IncrementsMutator,forcaBruta,8,SURVIVED,none
CasamentoExato.java,ds.CasamentoExato,org.pitest.mutationtest.engine.gregor.mutators.IncrementsMutator,forcaBruta,6,TIMED_OUT,none
CasamentoExato.java,ds.CasamentoExato,org.pitest.mutationtest.engine.gregor.mutators.InlineConstantMutator,forcaBruta,6,KILLED,ds.RandoopTest.Randoop0.test0342(ds.RandoopTest.Randoop0)
CasamentoExato.java,ds.CasamentoExato,org.pitest.mutationtest.engine.gregor.mutators.InlineConstantMutator,forcaBruta,6,KILLED,ds.RandoopTest.Randoop0.test0342(ds.RandoopTest.Randoop0)
CasamentoExato.java,ds.CasamentoExato,org.pitest.mutationtest.engine.gregor.mutators.InlineConstantMutator,forcaBruta,7,KILLED,ds.RandoopTest.Randoop0.test0275(ds.RandoopTest.Randoop0)
CasamentoExato.java,ds.CasamentoExato,org.pitest.mutationtest.engine.gregor.mutators.MathMutator,forcaBruta,6,KILLED,ds.RandoopTest.Randoop0.test0091(ds.RandoopTest.Randoop0)
CasamentoExato.java,ds.CasamentoExato,org.pitest.mutationtest.engine.gregor.mutators.MathMutator,forcaBruta,6,KILLED,ds.RandoopTest.Randoop0.test0342(ds.RandoopTest.Randoop0)
CasamentoExato.java,ds.CasamentoExato,org.pitest.mutationtest.engine.gregor.mutators.NegateConditionalsMutator,forcaBruta,6,KILLED,ds.RandoopTest.Randoop0.test0409(ds.RandoopTest.Randoop0)
CasamentoExato.java,ds.CasamentoExato,org.pitest.mutationtest.engine.gregor.mutators.NegateConditionalsMutator,forcaBruta,8,KILLED,ds.RandoopTest.Randoop0.test0396(ds.RandoopTest.Randoop0)
CasamentoExato.java,ds.CasamentoExato,org.pitest.mutationtest.engine.gregor.mutators.NegateConditionalsMutator,forcaBruta,8,KILLED,ds.RandoopTest.Randoop0.test0435(ds.RandoopTest.Randoop0)
CasamentoExato.java,ds.CasamentoExato,org.pitest.mutationtest.engine.gregor.mutators.NegateConditionalsMutator,forcaBruta,9,SURVIVED,none
CasamentoExato.java,ds.CasamentoExato,org.pitest.mutationtest.engine.gregor.mutators.NonVoidMethodCallMutator,forcaBruta,8,KILLED,ds.RandoopTest.Randoop0.test0113(ds.RandoopTest.Randoop0)
CasamentoExato.java,ds.CasamentoExato,org.pitest.mutationtest.engine.gregor.mutators.NonVoidMethodCallMutator,forcaBruta,8,KILLED,ds.RandoopTest.Randoop0.test0342(ds.RandoopTest.Randoop0)
CasamentoExato.java,ds.CasamentoExato,org.pitest.mutationtest.engine.gregor.mutators.NonVoidMethodCallMutator,forcaBruta,9,KILLED,ds.RandoopTest.Randoop0.test0396(ds.RandoopTest.Randoop0)
CasamentoExato.java,ds.CasamentoExato,org.pitest.mutationtest.engine.gregor.mutators.NonVoidMethodCallMutator,forcaBruta,9,KILLED,ds.RandoopTest.Randoop0.test0396(ds.RandoopTest.Randoop0)
CasamentoExato.java,ds.CasamentoExato,org.pitest.mutationtest.engine.gregor.mutators.NonVoidMethodCallMutator,forcaBruta,9,SURVIVED,none
CasamentoExato.java,ds.CasamentoExato,org.pitest.mutationtest.engine.gregor.mutators.RemoveConditionalMutator_EQUAL_ELSE,forcaBruta,8,KILLED,ds.RandoopTest.Randoop0.test0435(ds.RandoopTest.Randoop0)
CasamentoExato.java,ds.CasamentoExato,org.pitest.mutationtest.engine.gregor.mutators.RemoveConditionalMutator_EQUAL_ELSE,forcaBruta,9,SURVIVED,none
CasamentoExato.java,ds.CasamentoExato,org.pitest.mutationtest.engine.gregor.mutators.RemoveConditionalMutator_EQUAL_IF,forcaBruta,8,SURVIVED,none
CasamentoExato.java,ds.CasamentoExato,org.pitest.mutationtest.engine.gregor.mutators.RemoveConditionalMutator_EQUAL_IF,forcaBruta,9,SURVIVED,none
CasamentoExato.java,ds.CasamentoExato,org.pitest.mutationtest.engine.gregor.mutators.RemoveConditionalMutator_ORDER_ELSE,forcaBruta,6,KILLED,ds.RandoopTest.Randoop0.test0409(ds.RandoopTest.Randoop0)
CasamentoExato.java,ds.CasamentoExato,org.pitest.mutationtest.engine.gregor.mutators.RemoveConditionalMutator_ORDER_ELSE,forcaBruta,8,KILLED,ds.RandoopTest.Randoop0.test0409(ds.RandoopTest.Randoop0)
CasamentoExato.java,ds.CasamentoExato,org.pitest.mutationtest.engine.gregor.mutators.RemoveConditionalMutator_ORDER_IF,forcaBruta,6,TIMED_OUT,none
CasamentoExato.java,ds.CasamentoExato,org.pitest.mutationtest.engine.gregor.mutators.RemoveConditionalMutator_ORDER_IF,forcaBruta,8,KILLED,ds.RandoopTest.Randoop0.test0396(ds.RandoopTest.Randoop0)
CasamentoExato.java,ds.CasamentoExato,org.pitest.mutationtest.engine.gregor.mutators.VoidMethodCallMutator,forcaBruta,9,SURVIVED,none
CasamentoExato.java,ds.CasamentoExato,org.pitest.mutationtest.engine.gregor.mutators.experimental.NakedReceiverMutator,forcaBruta,9,SURVIVED,none
CasamentoExato.java,ds.CasamentoExato,org.pitest.mutationtest.engine.gregor.mutators.experimental.NakedReceiverMutator,forcaBruta,9,SURVIVED,none
CasamentoExato.java,ds.CasamentoExato,org.pitest.mutationtest.engine.gregor.mutators.experimental.RemoveIncrementsMutator,forcaBruta,8,KILLED,ds.RandoopTest.Randoop0.test0435(ds.RandoopTest.Randoop0)
CasamentoExato.java,ds.CasamentoExato,org.pitest.mutationtest.engine.gregor.mutators.experimental.RemoveIncrementsMutator,forcaBruta,6,TIMED_OUT,none
CasamentoExato.java,ds.CasamentoExato,org.pitest.mutationtest.engine.gregor.mutators.ConditionalsBoundaryMutator,shiftAndExato,16,KILLED,ds.RandoopTest.Randoop0.test0164(ds.RandoopTest.Randoop0)
CasamentoExato.java,ds.CasamentoExato,org.pitest.mutationtest.engine.gregor.mutators.ConditionalsBoundaryMutator,shiftAndExato,17,KILLED,ds.RandoopTest.Randoop0.test0267(ds.RandoopTest.Randoop0)
CasamentoExato.java,ds.CasamentoExato,org.pitest.mutationtest.engine.gregor.mutators.ConditionalsBoundaryMutator,shiftAndExato,20,KILLED,ds.RandoopTest.Randoop0.test0198(ds.RandoopTest.Randoop0)
CasamentoExato.java,ds.CasamentoExato,org.pitest.mutationtest.engine.gregor.mutators.ConstructorCallMutator,shiftAndExato,23,KILLED,ds.RandoopTest.Randoop0.test0340(ds.RandoopTest.Randoop0)
CasamentoExato.java,ds.CasamentoExato,org.pitest.mutationtest.engine.gregor.mutators.IncrementsMutator,shiftAndExato,16,KILLED,ds.RandoopTest.Randoop0.test0164(ds.RandoopTest.Randoop0)
CasamentoExato.java,ds.CasamentoExato,org.pitest.mutationtest.engine.gregor.mutators.IncrementsMutator,shiftAndExato,17,KILLED,ds.RandoopTest.Randoop0.test0198(ds.RandoopTest.Randoop0)
CasamentoExato.java,ds.CasamentoExato,org.pitest.mutationtest.engine.gregor.mutators.IncrementsMutator,shiftAndExato,20,KILLED,ds.RandoopTest.Randoop0.test0398(ds.RandoopTest.Randoop0)
CasamentoExato.java,ds.CasamentoExato,org.pitest.mutationtest.engine.gregor.mutators.InlineConstantMutator,shiftAndExato,13,SURVIVED,none
CasamentoExato.java,ds.CasamentoExato,org.pitest.mutationtest.engine.gregor.mutators.InlineConstantMutator,shiftAndExato,15,SURVIVED,none
CasamentoExato.java,ds.CasamentoExato,org.pitest.mutationtest.engine.gregor.mutators.InlineConstantMutator,shiftAndExato,16,SURVIVED,none
CasamentoExato.java,ds.CasamentoExato,org.pitest.mutationtest.engine.gregor.mutators.InlineConstantMutator,shiftAndExato,16,KILLED,ds.RandoopTest.Randoop0.test0164(ds.RandoopTest.Randoop0)
CasamentoExato.java,ds.CasamentoExato,org.pitest.mutationtest.engine.gregor.mutators.InlineConstantMutator,shiftAndExato,16,SURVIVED,none
CasamentoExato.java,ds.CasamentoExato,org.pitest.mutationtest.engine.gregor.mutators.InlineConstantMutator,shiftAndExato,17,KILLED,ds.RandoopTest.Randoop0.test0152(ds.RandoopTest.Randoop0)
CasamentoExato.java,ds.CasamentoExato,org.pitest.mutationtest.engine.gregor.mutators.InlineConstantMutator,shiftAndExato,18,SURVIVED,none
CasamentoExato.java,ds.CasamentoExato,org.pitest.mutationtest.engine.gregor.mutators.InlineConstantMutator,shiftAndExato,18,SURVIVED,none
CasamentoExato.java,ds.CasamentoExato,org.pitest.mutationtest.engine.gregor.mutators.InlineConstantMutator,shiftAndExato,20,KILLED,ds.RandoopTest.Randoop0.test0318(ds.RandoopTest.Randoop0)
CasamentoExato.java,ds.CasamentoExato,org.pitest.mutationtest.engine.gregor.mutators.InlineConstantMutator,shiftAndExato,21,SURVIVED,none
CasamentoExato.java,ds.CasamentoExato,org.pitest.mutationtest.engine.gregor.mutators.InlineConstantMutator,shiftAndExato,21,SURVIVED,none
CasamentoExato.java,ds.CasamentoExato,org.pitest.mutationtest.engine.gregor.mutators.InlineConstantMutator,shiftAndExato,21,SURVIVED,none
CasamentoExato.java,ds.CasamentoExato,org.pitest.mutationtest.engine.gregor.mutators.InlineConstantMutator,shiftAndExato,22,SURVIVED,none
CasamentoExato.java,ds.CasamentoExato,org.pitest.mutationtest.engine.gregor.mutators.InlineConstantMutator,shiftAndExato,23,SURVIVED,none
CasamentoExato.java,ds.CasamentoExato,org.pitest.mutationtest.engine.gregor.mutators.MathMutator,shiftAndExato,18,SURVIVED,none
CasamentoExato.java,ds.CasamentoExato,org.pitest.mutationtest.engine.gregor.mutators.MathMutator,shiftAndExato,18,SURVIVED,none
CasamentoExato.java,ds.CasamentoExato,org.pitest.mutationtest.engine.gregor.mutators.MathMutator,shiftAndExato,18,SURVIVED,none
CasamentoExato.java,ds.CasamentoExato,org.pitest.mutationtest.engine.gregor.mutators.MathMutator,shiftAndExato,18,SURVIVED,none
CasamentoExato.java,ds.CasamentoExato,org.pitest.mutationtest.engine.gregor.mutators.MathMutator,shiftAndExato,21,SURVIVED,none
CasamentoExato.java,ds.CasamentoExato,org.pitest.mutationtest.engine.gregor.mutators.MathMutator,shiftAndExato,21,SURVIVED,none
CasamentoExato.java,ds.CasamentoExato,org.pitest.mutationtest.engine.gregor.mutators.MathMutator,shiftAndExato,21,SURVIVED,none
CasamentoExato.java,ds.CasamentoExato,org.pitest.mutationtest.engine.gregor.mutators.MathMutator,shiftAndExato,21,SURVIVED,none
CasamentoExato.java,ds.CasamentoExato,org.pitest.mutationtest.engine.gregor.mutators.MathMutator,shiftAndExato,21,SURVIVED,none
CasamentoExato.java,ds.CasamentoExato,org.pitest.mutationtest.engine.gregor.mutators.MathMutator,shiftAndExato,22,SURVIVED,none
CasamentoExato.java,ds.CasamentoExato,org.pitest.mutationtest.engine.gregor.mutators.MathMutator,shiftAndExato,23,SURVIVED,none
CasamentoExato.java,ds.CasamentoExato,org.pitest.mutationtest.engine.gregor.mutators.MathMutator,shiftAndExato,23,SURVIVED,none
CasamentoExato.java,ds.CasamentoExato,org.pitest.mutationtest.engine.gregor.mutators.NegateConditionalsMutator,shiftAndExato,16,SURVIVED,none
CasamentoExato.java,ds.CasamentoExato,org.pitest.mutationtest.engine.gregor.mutators.NegateConditionalsMutator,shiftAndExato,17,KILLED,ds.RandoopTest.Randoop0.test0164(ds.RandoopTest.Randoop0)
CasamentoExato.java,ds.CasamentoExato,org.pitest.mutationtest.engine.gregor.mutators.NegateConditionalsMutator,shiftAndExato,20,KILLED,ds.RandoopTest.Randoop0.test0267(ds.RandoopTest.Randoop0)
CasamentoExato.java,ds.CasamentoExato,org.pitest.mutationtest.engine.gregor.mutators.NegateConditionalsMutator,shiftAndExato,22,SURVIVED,none
CasamentoExato.java,ds.CasamentoExato,org.pitest.mutationtest.engine.gregor.mutators.NonVoidMethodCallMutator,shiftAndExato,18,SURVIVED,none
CasamentoExato.java,ds.CasamentoExato,org.pitest.mutationtest.engine.gregor.mutators.NonVoidMethodCallMutator,shiftAndExato,18,SURVIVED,none
CasamentoExato.java,ds.CasamentoExato,org.pitest.mutationtest.engine.gregor.mutators.NonVoidMethodCallMutator,shiftAndExato,21,KILLED,ds.RandoopTest.Randoop0.test0092(ds.RandoopTest.Randoop0)
CasamentoExato.java,ds.CasamentoExato,org.pitest.mutationtest.engine.gregor.mutators.NonVoidMethodCallMutator,shiftAndExato,23,KILLED,ds.RandoopTest.Randoop0.test0340(ds.RandoopTest.Randoop0)
CasamentoExato.java,ds.CasamentoExato,org.pitest.mutationtest.engine.gregor.mutators.NonVoidMethodCallMutator,shiftAndExato,23,KILLED,ds.RandoopTest.Randoop0.test0340(ds.RandoopTest.Randoop0)
CasamentoExato.java,ds.CasamentoExato,org.pitest.mutationtest.engine.gregor.mutators.NonVoidMethodCallMutator,shiftAndExato,23,SURVIVED,none
CasamentoExato.java,ds.CasamentoExato,org.pitest.mutationtest.engine.gregor.mutators.RemoveConditionalMutator_EQUAL_ELSE,shiftAndExato,22,SURVIVED,none
CasamentoExato.java,ds.CasamentoExato,org.pitest.mutationtest.engine.gregor.mutators.RemoveConditionalMutator_EQUAL_IF,shiftAndExato,22,SURVIVED,none
CasamentoExato.java,ds.CasamentoExato,org.pitest.mutationtest.engine.gregor.mutators.RemoveConditionalMutator_ORDER_ELSE,shiftAndExato,16,SURVIVED,none
CasamentoExato.java,ds.CasamentoExato,org.pitest.mutationtest.engine.gregor.mutators.RemoveConditionalMutator_ORDER_ELSE,shiftAndExato,17,KILLED,ds.RandoopTest.Randoop0.test0164(ds.RandoopTest.Randoop0)
CasamentoExato.java,ds.CasamentoExato,org.pitest.mutationtest.engine.gregor.mutators.RemoveConditionalMutator_ORDER_ELSE,shiftAndExato,20,KILLED,ds.RandoopTest.Randoop0.test0092(ds.RandoopTest.Randoop0)
CasamentoExato.java,ds.CasamentoExato,org.pitest.mutationtest.engine.gregor.mutators.RemoveConditionalMutator_ORDER_IF,shiftAndExato,16,KILLED,ds.RandoopTest.Randoop0.test0164(ds.RandoopTest.Randoop0)
CasamentoExato.java,ds.CasamentoExato,org.pitest.mutationtest.engine.gregor.mutators.RemoveConditionalMutator_ORDER_IF,shiftAndExato,17,KILLED,ds.RandoopTest.Randoop0.test0267(ds.RandoopTest.Randoop0)
CasamentoExato.java,ds.CasamentoExato,org.pitest.mutationtest.engine.gregor.mutators.RemoveConditionalMutator_ORDER_IF,shiftAndExato,20,KILLED,ds.RandoopTest.Randoop0.test0267(ds.RandoopTest.Randoop0)
CasamentoExato.java,ds.CasamentoExato,org.pitest.mutationtest.engine.gregor.mutators.VoidMethodCallMutator,shiftAndExato,23,SURVIVED,none
CasamentoExato.java,ds.CasamentoExato,org.pitest.mutationtest.engine.gregor.mutators.experimental.NakedReceiverMutator,shiftAndExato,23,SURVIVED,none
CasamentoExato.java,ds.CasamentoExato,org.pitest.mutationtest.engine.gregor.mutators.experimental.NakedReceiverMutator,shiftAndExato,23,SURVIVED,none
